[{"code":"(function() {\r\n\tfunction performSearch(event) {\r\n\tevent.preventDefault();\r\n\tvar searchInput = document.getElementById('search-input');\r\n\t\tif (searchInput.value) {\r\n\t\t  window.location = \"/\" + searchInput.value;\r\n\t\t}\r\n\t}\r\n\tfunction performSearchResponsive(event) {\r\n\tevent.preventDefault();\r\n\tvar searchInputResponsive = document.getElementById('search-input-responsive');\r\n\t\tif (searchInputResponsive.value) {\r\n\t\t  window.location = \"/\" + searchInputResponsive.value;\r\n\t\t}\r\n\t}\r\n\tvar searchForm = document.getElementById('search-form');\r\n\tsearchForm.onsubmit = performSearch;\r\n\tvar searchFormResponsive = document.getElementById('search-form-responsive');\r\n\tsearchFormResponsive.onsubmit = performSearchResponsive;\r\n})()","src":"","priority":10,"key":"widget-0"},{"code":"!function () { document.getElementById(\"search-form\").onsubmit = function (e) { e.preventDefault(); var n = document.getElementById(\"search-input\"); n.value && (window.location = \"/\" + n.value) }, document.getElementById(\"search-form-responsive\").onsubmit = function (e) { e.preventDefault(); var n = document.getElementById(\"search-input-responsive\"); n.value && (window.location = \"/\" + n.value) } }();\nvar navSearchInput = document.getElementsByClassName(\"nav-search-input\")[0], navSearchButton = document.getElementById(\"nav-search-button\"); navSearchButton.addEventListener(\"click\", function (e) { navSearchInput.style.visibility || (e.preventDefault(), navSearchInput.style.visibility = \"visible\", navSearchInput.style.opacity = \"1\") }); var listItemArray = document.getElementsByClassName(\"nav-fashion-list__item\"); for (var e = 0; e < listItemArray.length; e++) { listItemArray[e].style.visibility = \"visible\"; listItemArray[e].style.opacity = \"1\"; };\n\n// Menu actions\n(function () {\n  var menuButton = document.getElementById(\"hamburguer-menu\");\n  var switchButton = document.getElementById(\"mobile-categories-menu-switch\");\n  var navList = document.getElementById(\"nav-list\");\n\n  function toggle() {\n    var body = document.body;\n    var navVertialList = document.getElementById(\"nav-vertical-list\");\n    var responsiveMenu = document.getElementById(\"responsive-menu\");\n\n    var visibility = \"visibility\";\n    var transition = \"0.2s\";\n    var opacityHidden = \"0\";\n    var opacityVisible = \"1\";\n    var leftHidden = \"-95vw\";\n    var leftVisible = \"0\";\n    var visibilityHidden = \"hidden\";\n    var visibilityVisible = \"visible\";\n    var pointerEventsAuto = \"auto\";\n    var pointerEventsNone = \"none\";\n    var bodyBlockScroll = \"body--block-scroll\";\n\n    var navVertialListVisibility = window.getComputedStyle(navVertialList, null).getPropertyValue(visibility);\n    var responsiveMenuVisibility = window.getComputedStyle(responsiveMenu, null).getPropertyValue(visibility);\n\n\n    navVertialList.style.transition = transition;\n    responsiveMenu.style.transition = transition;\n\n    if (navVertialListVisibility === visibilityHidden || responsiveMenuVisibility === visibilityHidden) {\n      navVertialList.style.visibility = visibilityVisible;\n      responsiveMenu.style.visibility = visibilityVisible;\n      navVertialList.style.opacity = opacityVisible;\n      responsiveMenu.style.opacity = opacityVisible;\n      responsiveMenu.style.left = leftVisible;\n      navVertialList.style.pointerEvents = pointerEventsAuto;\n      body.classList.add(bodyBlockScroll);\n    } else {\n      navVertialList.style.visibility = visibilityHidden;\n      responsiveMenu.style.visibility = visibilityHidden;\n      navVertialList.style.opacity = opacityHidden;\n      responsiveMenu.style.opacity = opacityHidden;\n      responsiveMenu.style.left = leftHidden;\n      navVertialList.style.pointerEvents = pointerEventsNone;\n      body.classList.remove(bodyBlockScroll);\n    }\n  }\n\n  function showHamburgerMenu() {\n    var navListChildren = navList.children;\n    var maxWidthNavList = 400;\n    var totalWidth = 0;\n\n    for (var i = 0; i < navListChildren.length; i++) {\n      totalWidth = totalWidth + navListChildren[i].offsetWidth;\n    }\n\n    return totalWidth > maxWidthNavList;\n  }\n\n  if (switchButton.checked) {\n    toggle()\n  }\n\n  menuButton.addEventListener(\"click\", toggle);\n\n  var isLogoLeft = document.getElementsByClassName('nav-logo-float-left');\n\n  if (isLogoLeft.length) {\n    var navVerticalList = document.getElementById(\"nav-vertical-list\");\n    var button = document.getElementById('nav-fashion__see-more');\n    var saleButton = document.getElementById('nav-fashion__sale-link');\n\n    button.addEventListener(\"click\", toggle);\n\n    button.classList.add(\"nav-fashion__see-more--activated\");\n\n    var navListChildren = navList.children;\n    var navVerticalListChildren = navVerticalList.children;\n\n    var navVerticalNewList = [];\n    var countWidth = 0;\n    var saleButtonWidth = saleButton ? saleButton.clientWidth : 0;\n    var max = navList.clientWidth - (saleButtonWidth + button.clientWidth);\n\n    var exceptions = [\"nav-fashion__hamburger-button\", \"nav-fashion__see-more\", \"nav-fashion__sale-link\"];\n\n    for (var i = 0; i < navListChildren.length; i++) {\n      if (exceptions.indexOf(navListChildren[i].id) === -1) {\n        var condition;\n        if (i === (navListChildren.length - exceptions.length) && !exceptions) {\n          condition = (navListChildren[i].clientWidth <= max);\n        } else {\n          condition = (navListChildren[i].clientWidth + countWidth <= max);\n        }\n        if (condition) {\n          countWidth += navListChildren[i].clientWidth;\n        } else {\n          navVerticalNewList.push(navListChildren[i].textContent);\n          navListChildren[i].setAttribute('style', 'display: none !important')\n        }\n      }\n    }\n\n    if (navVerticalNewList.length) {\n      for (var e = 0; e < navVerticalListChildren.length; e++) {\n        if (exceptions.indexOf(navVerticalListChildren[e].id) === -1) {\n          if (navVerticalNewList.indexOf(navVerticalListChildren[e].textContent) === -1) {\n            navVerticalListChildren[e].setAttribute('style', 'display: none !important')\n          }\n        }\n      }\n    } else {\n      button.setAttribute('style', 'display: none !important')\n    }\n\n    var seeMorePosition = button.offsetLeft;\n\n    navVerticalList.style.left = String(seeMorePosition) + 'px';\n  } else {\n    if (showHamburgerMenu()) {\n      document.getElementById(\"header-wrapper\").classList.add(\"with-hamburguer-menu\");\n    }\n  }\n\n  //Mobile menu actions\n  var categoriesOption = document.querySelectorAll('[data-js=\"mobile-categories-toggle\"]');\n\n  categoriesOption.forEach(function (item) {\n    item.addEventListener(\"click\", toggleSubItems);\n  }, this);\n\n  function toggleSubItems() {\n    var displayHidden = \"none\";\n    var displayVisible = \"block\";\n    var subItemes = document.querySelectorAll('[data-toggle=\"' + this.id + '\"]');\n    subItemes.forEach(function (item) {\n      item.style.display = (this.checked) ? displayVisible : displayHidden;\n    }, this);\n  };\n})();\n","src":"","priority":10,"key":"widget-1"},{"code":"var navSearchInput=document.getElementsByClassName(\"nav-search-input\")[0],navSearchButton=document.getElementById(\"nav-search-button\");navSearchButton.addEventListener(\"click\",function(e){navSearchInput.style.visibility||(e.preventDefault(),navSearchInput.style.visibility=\"visible\",navSearchInput.style.opacity=\"1\")});var listItemArray=document.getElementsByClassName(\"nav-fashion-list__item\");for(var e=0;e<listItemArray.length;e++){listItemArray[e].style.visibility=\"visible\";listItemArray[e].style.opacity=\"1\";};","src":"","priority":10,"key":"widget-2"},{"code":"","src":"https://http2.mlstatic.com/resources/frontend/statics/ms-widgets/on-scroll-header/v1.0.0/on-scroll-header.js","priority":10,"key":"widget-3"}]